prenom,nom,id
Al,Térophilie,1
Malo,Rhigine,2
Olivier,Tnam,3
Sarah,Clure,4
Hubert,Lingot,5
Lenny,Bards,6
Guy,De demontagne,7
Claire,Jet,8
Paul,Iglotte,9
Paulie,Diote,10
Céline,Évitable,11
Annabelle,Etlabete,12
Ève,Anescense,13
Jean,Tenbien,14
Hector,Ticolis,15
Tess,Ticules,16
Kay,Llehistoire,17
Aubin,Sahalor,18
François,Ensur,19
Yann,Orak,20
Scott,Omate,21
Jean,Profite,22
Louis,Fine,24
Alain,Verse,25
Denis,Chon,26
Jean,Fonce,27
Sandy,Killaw,28
Oscar,Abine,29
Larry,Corouge,30
Sarah,Bande,31
Gaspard,Touze,32
Ycare,Ibou,34
Lami,Molette,35
